{
  "title": "Giggioz Better Labels",
  "description": "Modulo FoundryVTT che migliora le etichette dei messaggi di chat.",
  "id": "giggioz-better-labels",
  "version": "1.0.6",
  "authors": [
    {
      "name": "Giggioz",
      "email": "giggioz@gmail.com",
      "url": "https://github.com/giggioz/giggioz-better-labels",
      "flags": {}
    }
  ],
  "scripts": [
    "scripts/global.js",
    "scripts/utils.js",
    "scripts/settings.js",
    "scripts/settings-ui.js",
    "scripts/chat.js",
    "scripts/main.js"
  ],
  "esmodules": [],
  "styles": [],
  "packs": [],
  "languages": [],
  "url": "https://github.com/giggioz/giggioz-better-labels",
  "manifest": "https://github.com/giggioz/giggioz-better-labels/releases/download/v1.0.2/module.json",
  "download": "https://github.com/giggioz/giggioz-better-labels/releases/download/v1.0.2/module.zip",
  "compatibility": {
    "verified": "12",
    "minimum": "12"
  }
}